NATURA,SPOŁECZEŃSTWO,INFRASTRUKTURA,EDUKACJA
deszczowy,zdrowie,chodnik,biblioteka
rzeka,choroba,tężnia,edukacja
solankowy,bieg,dojazd,edukacyjny
woda,czytać,budowa,historia
wodny,galeria,dojazdowy,joga
pasać,czytelnik,drogi,książka
zbiornik,jakość,nożny,kultura
nasadzić,urwis,osobowy,muzyka
park,mieszkaniec,pas,nauka
parkowy,organizacja,pieszy,orientacja
zieleń,przedszkolak,przejazdruchowy,uczyć
zielony,przedszkolny,schody,świat
ekologiczny,szkolny,spacerowy,audiobook
kwietny,uczeń,trasa,wydawniczy
krzew,unihokej,zbieg,angielski
las,dawny,budka,kurs
lęgowy,dobry,fontanna,pracownia
skwer,dorosły,lampa,sprzęt
roślin,młody,latarnia,
zatoka,młodzież,oświetlić,
łąka,niepełnosprawny,sygnalizacja,
wybieg,nowoczesny,świetlny,
osa,senior,cmentarz,
ptasi,starszy,mural,
smog,stary,plac,
staw,wiek,pomnik,
zakątek,zdrowy,stojak,
alejka,świeży,stołowy,
kwiat,wychowywać,stół,
ptak,działka,tablica,
zwierzę,festyn,ławeczka,
ochrona,impreza,ławka,
ogród,klub,doposażyć,
trawnik,koncert,odnowić,
,siłownia,ogrodzić,
,skatepark,uporządkować,
,teatr,ustawić,
,trening,utwardzić,
,warsztat,wyposażyć,
,warsztaty,zadać,
,zespół,zagospodarować,
,festiwal,zlokalizować,
,odpoczynek,autobusowy,
,piknik,parking,
,rekreacja,parkingowy,
,rekreacyjny,stadion,
,relaks,postojowy,
,wypoczynek,przystanek,
,zabawa,przystankowy,
,samoobrona,szatnia,
,artystyczny,toaleta,
,fitness,tramwajowy,
,fizyczny,zwalniać,
,gimnastyczny,dojść,
,historyczny,dostosować,
,kolorowy,połączyć,
,koszykówka,przejść,
,kreatywny,skrzyżować,
,kulturalny,spotkać,
,muzyczny,stworzyć,
,piłkarski,utworzyć,
,profesjonalny,wjazd,
,siatkówka,zakup,
,sport,łączyć,
,sportowo,jazda,
,sportowy,jezdnia,
,teatralny,rower,
,tenis,rowerowy,
,aktywność,rowerzysta,
,aktywny,wózek,
,bawić,samochód,
,działać,asfaltowy,
,praca,bezpiecznie,
,program,bezpieczny,
,realizacja,czysta,
,ruch,dodatkowy,
,zabawić,nawierzchniasztuczny,
,zająć,zabytkowy,
,ćwiczyć,architektura,
,gra,budowa,
,dziecko,budynek,
,film,infrastruktura,
,sztuka,instalacja,
,kobieta,modernizacja,
,osoba,montaż,
,piłka,naprawa,
,rodzic,przebudowa,
,rodzina,remont,
,rodzinny,renowacja,
,planszowy,rewitalizacja,
,międzypokoleniowy,rozbudowa,
,informacyjny,rozwój,
,integracja,kosz,
,komputerowy,próg,
,społeczny,kostka,
,,pętla,
,,tor,
,,tras,
,,wiata,
,,komunikacja,
,,monitoring,
